ID,Prix
1,41383.08411214955
2,41383.08411214955
3,38551.35353535354
4,43454.212654925
5,43454.212654925
6,218794.54430379745
7,26268.84132841329
8,21164.785714285747
9,118238.78333333334
10,10785.25263157893
11,218794.54430379745
12,77415.18411552346
13,41383.08411214955
14,43454.212654925
15,41383.08411214955
16,32691.734693877544
17,26268.84132841329
18,112058.81755593803
19,10785.25263157893
20,26750.469945355195
21,10785.25263157893
22,41383.08411214955
23,28080.125000000022
24,111979.375
25,10785.25263157893
26,43454.212654925
27,43454.212654925
28,38551.35353535354
29,30741.795795795806
30,43454.212654925
31,218794.54430379745
32,38551.35353535354
33,43454.212654925
34,105728.51785714286
35,41049.85668789808
36,26268.84132841329
37,77415.18411552346
38,42973.53846153847
39,41383.08411214955
40,43454.212654925
41,43454.212654925
42,30741.795795795806
43,50926.02551020408
44,43454.212654925
45,112058.81755593803
46,86166.38461538462
47,33742.01612903227
48,43454.212654925
49,41383.08411214955
50,218794.54430379745
51,171949.68421052635
52,28686.555555555584
53,10785.25263157893
54,37544.1772151899
55,43454.212654925
56,38551.35353535354
57,71692.25333333336
58,38551.35353535354
59,30741.795795795806
60,12245.679104477633
61,12245.679104477633
62,43454.212654925
63,26750.469945355195
64,26750.469945355195
65,43454.212654925
66,50926.02551020408
67,41383.08411214955
68,38551.35353535354
69,26750.469945355195
70,112058.81755593803
71,43454.212654925
72,37544.1772151899
73,26750.469945355195
74,41383.08411214955
75,71692.25333333336
76,41049.85668789808
77,38551.35353535354
78,26268.84132841329
79,111979.375
80,41383.08411214955
81,38551.35353535354
82,77415.18411552346
83,160312.50000000003
84,41383.08411214955
85,30741.795795795806
86,112058.81755593803
87,37544.1772151899
88,41049.85668789808
89,71692.25333333336
90,38551.35353535354
91,83491.82926829268
92,112058.81755593803
93,43454.212654925
94,43454.212654925
95,111979.375
96,38551.35353535354
97,26750.469945355195
98,78847.5909090899
99,43454.212654925
100,41383.08411214955
101,43454.212654925
102,43454.212654925
103,50926.02551020408
104,43454.212654925
105,112058.81755593803
106,12245.679104477633
107,43454.212654925
108,12245.679104477633
109,46689.404580152695
110,43454.212654925
111,218794.54430379745
112,77415.18411552346
113,38551.35353535354
114,43454.212654925
115,71692.25333333336
116,26750.469945355195
117,43454.212654925
118,218794.54430379745
119,38551.35353535354
120,43454.212654925
121,83491.82926829268
122,10785.25263157893
123,71692.25333333336
124,43454.212654925
125,71692.25333333336
126,112058.81755593803
127,41383.08411214955
128,105728.51785714286
129,218794.54430379745
130,26750.469945355195
131,71692.25333333336
132,41049.85668789808
133,30741.795795795806
134,163079.11111111112
135,32691.734693877544
136,71692.25333333336
137,43454.212654925
138,111979.375
139,41383.08411214955
140,77415.18411552346
141,38551.35353535354
142,150771.42857142858
143,43454.212654925
144,38551.35353535354
145,41383.08411214955
146,26268.84132841329
147,43454.212654925
148,26268.84132841329
149,43454.212654925
150,21164.785714285747
151,77415.18411552346
152,112058.81755593803
153,111979.375
154,33742.01612903227
155,43454.212654925
156,77415.18411552346
157,26750.469945355195
158,42973.53846153847
159,15815.500000000022
160,43454.212654925
161,105728.51785714286
162,77415.18411552346
163,26750.469945355195
164,43454.212654925
165,26268.84132841329
166,86166.38461538462
167,43454.212654925
168,71692.25333333336
169,77415.18411552346
170,41049.85668789808
171,26750.469945355195
172,43454.212654925
173,86166.38461538462
174,77415.18411552346
175,41049.85668789808
176,10785.25263157893
177,50926.02551020408
178,26750.469945355195
179,112058.81755593803
180,43454.212654925
181,38551.35353535354
182,118238.78333333334
183,50926.02551020408
184,112058.81755593803
185,50926.02551020408
186,33742.01612903227
187,43454.212654925
188,43454.212654925
189,77415.18411552346
190,86166.38461538462
191,43454.212654925
192,41383.08411214955
193,43454.212654925
194,41383.08411214955
195,33742.01612903227
196,112058.81755593803
197,41383.08411214955
198,38551.35353535354
199,86166.38461538462
200,41383.08411214955
201,77415.18411552346
202,10785.25263157893
203,111979.375
204,26750.469945355195
205,50926.02551020408
206,112058.81755593803
207,38551.35353535354
208,32691.734693877544
209,112058.81755593803
210,43454.212654925
211,21164.785714285747
212,145946.70588235295
213,43454.212654925
214,12245.679104477633
215,43454.212654925
216,41383.08411214955
217,112058.81755593803
218,71692.25333333336
219,43454.212654925
220,77415.18411552346
221,12245.679104477633
222,71692.25333333336
223,43454.212654925
224,43454.212654925
225,41049.85668789808
226,46689.404580152695
227,77415.18411552346
228,41049.85668789808
229,43454.212654925
230,105728.51785714286
231,30741.795795795806
232,41383.08411214955
233,12245.679104477633
234,10785.25263157893
235,218794.54430379745
236,41383.08411214955
237,43454.212654925
238,26268.84132841329
239,77415.18411552346
240,86166.38461538462
241,162466.6666666667
242,43454.212654925
243,71692.25333333336
244,71692.25333333336
245,112058.81755593803
246,10785.25263157893
247,43454.212654925
248,26750.469945355195
249,38551.35353535354
250,10785.25263157893
251,78847.5909090899
252,77415.18411552346
253,41383.08411214955
254,12245.679104477633
255,33742.01612903227
256,43454.212654925
257,105728.51785714286
258,43454.212654925
259,43454.212654925
260,43454.212654925
261,105728.51785714286
262,26750.469945355195
263,43454.212654925
264,7766.333333333372
265,43454.212654925
266,41383.08411214955
267,38551.35353535354
268,112058.81755593803
269,112058.81755593803
270,78847.5909090899
271,43454.212654925
272,41383.08411214955
273,26268.84132841329
274,20382.058823529427
275,28686.555555555584
276,218794.54430379745
277,26750.469945355195
278,43454.212654925
279,38551.35353535354
280,77415.18411552346
281,43454.212654925
282,41049.85668789808
283,41049.85668789808
284,112058.81755593803
285,50926.02551020408
286,26750.469945355195
287,43454.212654925
288,41383.08411214955
289,38551.35353535354
290,26268.84132841329
291,43454.212654925
292,46689.404580152695
293,2693.4444444444525
294,38551.35353535354
295,38551.35353535354
296,71692.25333333336
297,111979.375
298,218794.54430379745
299,43454.212654925
300,43454.212654925
301,41383.08411214955
302,111979.375
303,105728.51785714286
304,10785.25263157893
305,38551.35353535354
306,119300.0
307,12245.679104477633
308,21164.785714285747
309,38551.35353535354
310,83491.82926829268
311,26268.84132841329
312,41383.08411214955
313,38551.35353535354
314,10785.25263157893
315,38551.35353535354
316,12245.679104477633
317,38551.35353535354
318,111979.375
319,41383.08411214955
320,86166.38461538462
321,112058.81755593803
322,43454.212654925
323,12245.679104477633
324,26268.84132841329
325,43454.212654925
326,41383.08411214955
327,10785.25263157893
328,63057.33333333336
329,30741.795795795806
330,46689.404580152695
331,24817.636363636404
332,33742.01612903227
333,10785.25263157893
334,33742.01612903227
335,43454.212654925
336,46689.404580152695
337,50926.02551020408
338,71692.25333333336
339,43454.212654925
340,10785.25263157893
341,12245.679104477633
342,32691.734693877544
343,43454.212654925
344,38551.35353535354
345,41383.08411214955
346,30741.795795795806
347,86166.38461538462
348,83491.82926829268
349,218794.54430379745
350,77415.18411552346
351,26750.469945355195
352,43454.212654925
353,71692.25333333336
354,38551.35353535354
355,150771.42857142858
356,43454.212654925
357,43454.212654925
358,38551.35353535354
359,78847.5909090899
360,112058.81755593803
361,10785.25263157893
362,10785.25263157893
363,33742.01612903227
364,43454.212654925
365,26268.84132841329
366,38551.35353535354
367,10785.25263157893
368,218794.54430379745
369,10785.25263157893
370,43454.212654925
371,112058.81755593803
372,43454.212654925
373,43454.212654925
374,43454.212654925
375,77415.18411552346
376,55560.59375
377,71692.25333333336
378,12245.679104477633
379,41383.08411214955
380,77415.18411552346
381,221199.0909090909
382,41383.08411214955
383,41049.85668789808
384,219232.11764705885
385,77415.18411552346
386,33742.01612903227
387,77415.18411552346
388,43454.212654925
389,163079.11111111112
390,71692.25333333336
391,77415.18411552346
392,38551.35353535354
393,30741.795795795806
394,112058.81755593803
395,26268.84132841329
396,41383.08411214955
397,43454.212654925
398,43454.212654925
399,41049.85668789808
400,38551.35353535354
401,38551.35353535354
402,43454.212654925
403,41049.85668789808
404,747735.9999999998
405,41049.85668789808
406,10785.25263157893
407,21164.785714285747
408,10785.25263157893
409,218794.54430379745
410,12245.679104477633
411,43454.212654925
412,43454.212654925
413,77415.18411552346
414,37544.1772151899
415,77415.18411552346
416,71692.25333333336
417,41383.08411214955
418,26268.84132841329
419,41383.08411214955
420,77415.18411552346
421,26750.469945355195
422,43454.212654925
423,118238.78333333334
424,26268.84132841329
425,112058.81755593803
426,26750.469945355195
427,43454.212654925
428,218794.54430379745
429,26750.469945355195
430,43454.212654925
431,10785.25263157893
432,43454.212654925
433,26268.84132841329
434,86166.38461538462
435,86166.38461538462
436,71692.25333333336
437,12245.679104477633
438,41049.85668789808
439,12245.679104477633
440,112058.81755593803
441,112058.81755593803
442,111979.375
443,71692.25333333336
444,77415.18411552346
445,41049.85668789808
446,71692.25333333336
447,12245.679104477633
448,37544.1772151899
449,55560.59375
450,41383.08411214955
451,77415.18411552346
452,43454.212654925
453,21164.785714285747
454,43454.212654925
455,26750.469945355195
456,38551.35353535354
457,32691.734693877544
458,112058.81755593803
459,83491.82926829268
460,219232.11764705885
461,43454.212654925
462,43454.212654925
463,41383.08411214955
464,12245.679104477633
465,77415.18411552346
466,21164.785714285747
467,43454.212654925
468,171949.68421052635
469,32691.734693877544
470,38551.35353535354
471,83491.82926829268
472,43454.212654925
473,43454.212654925
474,41383.08411214955
475,12245.679104477633
476,43454.212654925
477,83491.82926829268
478,77415.18411552346
479,42973.53846153847
480,43454.212654925
481,37544.1772151899
482,33742.01612903227
483,26268.84132841329
484,43454.212654925
485,218794.54430379745
486,77415.18411552346
487,46689.404580152695
488,43454.212654925
489,77415.18411552346
490,38551.35353535354
491,43454.212654925
492,43454.212654925
493,10785.25263157893
494,43454.212654925
495,41049.85668789808
496,12245.679104477633
497,43454.212654925
498,41383.08411214955
499,38551.35353535354
500,12245.679104477633
501,112058.81755593803
502,46689.404580152695
503,43454.212654925
504,43454.212654925
505,112058.81755593803
506,41383.08411214955
507,33742.01612903227
508,43454.212654925
509,43454.212654925
510,77415.18411552346
511,30741.795795795806
512,26268.84132841329
513,112058.81755593803
514,38551.35353535354
515,111979.375
516,26268.84132841329
517,43454.212654925
518,30741.795795795806
519,41049.85668789808
520,21164.785714285747
521,112058.81755593803
522,38551.35353535354
523,112058.81755593803
524,77415.18411552346
525,145946.70588235295
526,105728.51785714286
527,77415.18411552346
528,30741.795795795806
529,111979.375
530,112058.81755593803
531,38551.35353535354
532,43454.212654925
533,43454.212654925
534,71692.25333333336
535,26268.84132841329
536,112058.81755593803
537,43454.212654925
538,41383.08411214955
539,111979.375
540,43454.212654925
541,105728.51785714286
542,38551.35353535354
543,118238.78333333334
544,38551.35353535354
545,12245.679104477633
546,43454.212654925
547,37544.1772151899
548,43454.212654925
549,38551.35353535354
550,219232.11764705885
551,43454.212654925
552,12245.679104477633
553,43454.212654925
554,71692.25333333336
555,112058.81755593803
556,112058.81755593803
557,112058.81755593803
558,26750.469945355195
559,43454.212654925
560,112058.81755593803
561,26750.469945355195
562,111979.375
563,50926.02551020408
564,43454.212654925
565,38551.35353535354
566,43454.212654925
567,26750.469945355195
568,218794.54430379745
569,42973.53846153847
570,75991.61111111114
571,8337.600000000006
572,41049.85668789808
573,77415.18411552346
574,112058.81755593803
575,71692.25333333336
576,12245.679104477633
577,26268.84132841329
578,43454.212654925
579,10785.25263157893
580,43454.212654925
581,43454.212654925
582,43454.212654925
583,71692.25333333336
584,111979.375
585,43454.212654925
586,30741.795795795806
587,43454.212654925
588,28686.555555555584
589,77415.18411552346
590,12245.679104477633
591,43454.212654925
592,42973.53846153847
593,43454.212654925
594,112058.81755593803
595,43454.212654925
596,71692.25333333336
597,33742.01612903227
598,10785.25263157893
599,38551.35353535354
600,46689.404580152695
601,41383.08411214955
602,112058.81755593803
603,112058.81755593803
604,30741.795795795806
605,50926.02551020408
606,112058.81755593803
607,32691.734693877544
608,71692.25333333336
609,43454.212654925
610,43454.212654925
611,55826.79999999999
612,43454.212654925
613,30741.795795795806
614,41383.08411214955
615,105728.51785714286
616,10785.25263157893
617,43454.212654925
618,77415.18411552346
619,112058.81755593803
620,43454.212654925
621,38551.35353535354
622,43454.212654925
623,26268.84132841329
624,218794.54430379745
625,26268.84132841329
626,43454.212654925
627,30741.795795795806
628,112058.81755593803
629,12245.679104477633
630,43454.212654925
631,41383.08411214955
632,33742.01612903227
633,43454.212654925
634,105728.51785714286
635,38551.35353535354
636,43454.212654925
637,118238.78333333334
638,12245.679104477633
639,38551.35353535354
640,10785.25263157893
641,43454.212654925
642,12245.679104477633
643,26750.469945355195
644,30741.795795795806
645,171949.68421052635
646,43454.212654925
647,12245.679104477633
648,41049.85668789808
649,41049.85668789808
650,38551.35353535354
651,12245.679104477633
652,12245.679104477633
653,112058.81755593803
654,10785.25263157893
655,83491.82926829268
656,30741.795795795806
657,12245.679104477633
658,26750.469945355195
659,71692.25333333336
660,46689.404580152695
661,43454.212654925
662,43454.212654925
663,41383.08411214955
664,10785.25263157893
665,43454.212654925
666,41383.08411214955
667,50926.02551020408
668,38551.35353535354
669,43454.212654925
670,41383.08411214955
671,12245.679104477633
672,26750.469945355195
673,46689.404580152695
674,111979.375
675,43454.212654925
676,43454.212654925
677,38551.35353535354
678,41383.08411214955
679,41049.85668789808
680,111979.375
681,43454.212654925
682,43454.212654925
683,86166.38461538462
684,43454.212654925
685,41383.08411214955
686,43454.212654925
687,112058.81755593803
688,41383.08411214955
689,38551.35353535354
690,46689.404580152695
691,218794.54430379745
692,38551.35353535354
693,21164.785714285747
694,50926.02551020408
695,26268.84132841329
696,43454.212654925
697,41383.08411214955
698,43454.212654925
699,28686.555555555584
700,111979.375
701,77415.18411552346
702,71692.25333333336
703,43454.212654925
704,43454.212654925
705,38551.35353535354
706,38551.35353535354
707,43454.212654925
708,37544.1772151899
709,112058.81755593803
710,38551.35353535354
711,41383.08411214955
712,218794.54430379745
713,41383.08411214955
714,38551.35353535354
715,12245.679104477633
716,10785.25263157893
717,112058.81755593803
718,77415.18411552346
719,43454.212654925
720,12245.679104477633
721,50926.02551020408
722,86166.38461538462
723,26750.469945355195
724,71692.25333333336
725,41383.08411214955
726,30741.795795795806
727,43454.212654925
728,77415.18411552346
729,112058.81755593803
730,43454.212654925
731,41383.08411214955
732,38551.35353535354
733,46689.404580152695
734,219232.11764705885
735,26268.84132841329
736,105728.51785714286
737,41383.08411214955
738,41049.85668789808
739,26268.84132841329
740,37544.1772151899
741,38551.35353535354
742,41383.08411214955
743,105728.51785714286
744,111979.375
745,41383.08411214955
746,43454.212654925
747,43454.212654925
748,30741.795795795806
749,26268.84132841329
750,38551.35353535354
751,218794.54430379745
752,41383.08411214955
753,37544.1772151899
754,26750.469945355195
755,21164.785714285747
756,43454.212654925
757,218794.54430379745
758,43454.212654925
759,77415.18411552346
760,43454.212654925
761,26750.469945355195
762,50926.02551020408
763,30741.795795795806
764,26268.84132841329
765,112058.81755593803
766,38551.35353535354
767,43454.212654925
768,41383.08411214955
769,41383.08411214955
770,105728.51785714286
771,77415.18411552346
772,218794.54430379745
773,43454.212654925
774,747735.9999999998
775,77415.18411552346
776,218794.54430379745
777,12245.679104477633
778,43454.212654925
779,12245.679104477633
780,26750.469945355195
781,12245.679104477633
782,71692.25333333336
783,38551.35353535354
784,71692.25333333336
785,12245.679104477633
786,77415.18411552346
787,38551.35353535354
788,33742.01612903227
789,12245.679104477633
790,43454.212654925
791,32691.734693877544
792,43454.212654925
793,77415.18411552346
794,43454.212654925
795,41383.08411214955
796,26268.84132841329
797,193435.63636363638
798,43454.212654925
799,77415.18411552346
800,218794.54430379745
801,71692.25333333336
802,26268.84132841329
803,30741.795795795806
804,43454.212654925
805,26268.84132841329
806,41049.85668789808
807,43454.212654925
808,26268.84132841329
809,71692.25333333336
810,10785.25263157893
811,43454.212654925
812,43454.212654925
813,71692.25333333336
814,43454.212654925
815,43454.212654925
816,43454.212654925
817,43454.212654925
818,32691.734693877544
819,43454.212654925
820,77415.18411552346
821,12245.679104477633
822,26268.84132841329
823,43454.212654925
824,221199.0909090909
825,77415.18411552346
826,43454.212654925
827,43454.212654925
828,38551.35353535354
829,71692.25333333336
830,21164.785714285747
831,43454.212654925
832,41383.08411214955
833,2693.4444444444525
834,26750.469945355195
835,26268.84132841329
836,41383.08411214955
837,43454.212654925
838,105728.51785714286
839,26268.84132841329
840,43454.212654925
841,21164.785714285747
842,43454.212654925
843,38551.35353535354
844,77415.18411552346
845,38551.35353535354
846,26268.84132841329
847,26268.84132841329
848,12245.679104477633
849,43454.212654925
850,95018.42857142855
851,43454.212654925
852,112058.81755593803
853,71692.25333333336
854,10785.25263157893
855,33742.01612903227
856,78847.5909090899
857,77415.18411552346
858,43454.212654925
859,26750.469945355195
860,30741.795795795806
861,30741.795795795806
862,26268.84132841329
863,38551.35353535354
864,41383.08411214955
865,12245.679104477633
866,12245.679104477633
867,77415.18411552346
868,41383.08411214955
869,43454.212654925
870,33742.01612903227
871,219232.11764705885
872,118238.78333333334
873,43454.212654925
874,41049.85668789808
875,112058.81755593803
876,193435.63636363638
877,111979.375
878,43454.212654925
879,43454.212654925
880,83491.82926829268
881,112058.81755593803
882,50926.02551020408
883,42973.53846153847
884,41383.08411214955
885,112058.81755593803
886,112058.81755593803
887,77415.18411552346
888,41383.08411214955
889,50926.02551020408
890,41383.08411214955
891,171949.68421052635
892,41049.85668789808
893,28080.125000000022
894,10785.25263157893
895,50926.02551020408
896,105728.51785714286
897,43454.212654925
898,38551.35353535354
899,43454.212654925
900,43454.212654925
901,105728.51785714286
902,163079.11111111112
903,10785.25263157893
904,77415.18411552346
905,41383.08411214955
906,112058.81755593803
907,77415.18411552346
908,41383.08411214955
909,26268.84132841329
910,26750.469945355195
911,43454.212654925
912,50926.02551020408
913,12245.679104477633
914,26268.84132841329
915,21164.785714285747
916,112058.81755593803
917,43454.212654925
918,77415.18411552346
919,38551.35353535354
920,38551.35353535354
921,26268.84132841329
922,112058.81755593803
923,26750.469945355195
924,77415.18411552346
925,171949.68421052635
926,12245.679104477633
927,71692.25333333336
928,112058.81755593803
929,112058.81755593803
930,43454.212654925
931,112058.81755593803
932,26268.84132841329
933,43454.212654925
934,12245.679104477633
935,43454.212654925
936,38551.35353535354
937,218794.54430379745
938,33742.01612903227
939,38551.35353535354
940,43454.212654925
941,37544.1772151899
942,71692.25333333336
943,112058.81755593803
944,43454.212654925
945,43454.212654925
946,50926.02551020408
947,41383.08411214955
948,26750.469945355195
949,43454.212654925
950,41049.85668789808
951,77415.18411552346
952,112058.81755593803
953,86166.38461538462
954,43454.212654925
955,12245.679104477633
956,32691.734693877544
957,118238.78333333334
958,112058.81755593803
959,43454.212654925
960,10785.25263157893
961,38551.35353535354
962,12245.679104477633
963,43454.212654925
964,41383.08411214955
965,218794.54430379745
966,112058.81755593803
967,26268.84132841329
968,10785.25263157893
969,38551.35353535354
970,77415.18411552346
971,41383.08411214955
972,12245.679104477633
973,50926.02551020408
974,77415.18411552346
975,26268.84132841329
976,30741.795795795806
977,41383.08411214955
978,24817.636363636404
979,41383.08411214955
980,43454.212654925
981,41383.08411214955
982,41383.08411214955
983,105728.51785714286
984,112058.81755593803
985,37544.1772151899
986,111979.375
987,55560.59375
988,41383.08411214955
989,77415.18411552346
990,105728.51785714286
991,150771.42857142858
992,43454.212654925
993,41049.85668789808
994,43454.212654925
995,112058.81755593803
996,30741.795795795806
997,43454.212654925
998,43454.212654925
999,171949.68421052635
1000,43454.212654925
1001,26268.84132841329
1002,38551.35353535354
1003,43454.212654925
1004,43454.212654925
1005,105728.51785714286
1006,71692.25333333336
1007,38551.35353535354
1008,105728.51785714286
1009,105728.51785714286
1010,41049.85668789808
1011,43454.212654925
1012,12245.679104477633
1013,43454.212654925
1014,12245.679104477633
1015,26750.469945355195
1016,43454.212654925
1017,43454.212654925
1018,71692.25333333336
1019,12245.679104477633
1020,112058.81755593803
1021,43454.212654925
1022,118238.78333333334
1023,43454.212654925
1024,112058.81755593803
1025,112058.81755593803
1026,105728.51785714286
1027,43454.212654925
1028,41383.08411214955
1029,43454.212654925
1030,10785.25263157893
1031,26268.84132841329
1032,26750.469945355195
1033,30741.795795795806
1034,112058.81755593803
1035,86166.38461538462
1036,38551.35353535354
1037,77415.18411552346
1038,71692.25333333336
1039,218794.54430379745
1040,83491.82926829268
1041,43454.212654925
1042,77415.18411552346
1043,43454.212654925
1044,30741.795795795806
1045,112058.81755593803
1046,38551.35353535354
1047,43454.212654925
1048,105728.51785714286
1049,112058.81755593803
1050,111979.375
1051,50926.02551020408
1052,30741.795795795806
1053,12245.679104477633
1054,43454.212654925
1055,26268.84132841329
1056,26750.469945355195
1057,43454.212654925
1058,145946.70588235295
1059,41383.08411214955
1060,43454.212654925
1061,30741.795795795806
1062,43454.212654925
1063,71692.25333333336
1064,43454.212654925
1065,50926.02551020408
1066,12245.679104477633
1067,42973.53846153847
1068,112058.81755593803
1069,12245.679104477633
1070,118238.78333333334
1071,10785.25263157893
1072,26268.84132841329
1073,219232.11764705885
1074,164750.0
1075,43454.212654925
1076,26750.469945355195
1077,77415.18411552346
1078,43454.212654925
1079,12245.679104477633
1080,43454.212654925
1081,38551.35353535354
1082,43454.212654925
1083,26268.84132841329
1084,26268.84132841329
1085,43454.212654925
1086,71692.25333333336
1087,43454.212654925
1088,105728.51785714286
1089,41049.85668789808
1090,50926.02551020408
1091,41383.08411214955
1092,38551.35353535354
1093,43454.212654925
1094,26750.469945355195
1095,33742.01612903227
1096,43454.212654925
1097,41383.08411214955
1098,77415.18411552346
1099,112058.81755593803
1100,30741.795795795806
1101,10785.25263157893
1102,26268.84132841329
1103,43454.212654925
1104,30741.795795795806
1105,26268.84132841329
1106,38551.35353535354
1107,10785.25263157893
1108,145946.70588235295
1109,38551.35353535354
1110,43454.212654925
1111,43454.212654925
1112,12245.679104477633
1113,43454.212654925
1114,43454.212654925
1115,43454.212654925
1116,71692.25333333336
1117,112058.81755593803
1118,30741.795795795806
1119,41049.85668789808
1120,43454.212654925
1121,26268.84132841329
1122,21164.785714285747
1123,43454.212654925
1124,43454.212654925
1125,43454.212654925
1126,43454.212654925
1127,71692.25333333336
1128,12245.679104477633
1129,43454.212654925
1130,77415.18411552346
1131,77415.18411552346
1132,43454.212654925
1133,43454.212654925
1134,38551.35353535354
1135,26750.469945355195
1136,43454.212654925
1137,26268.84132841329
1138,12245.679104477633
1139,26268.84132841329
1140,38551.35353535354
1141,112058.81755593803
1142,21164.785714285747
1143,112058.81755593803
1144,38551.35353535354
1145,10785.25263157893
1146,71692.25333333336
1147,77415.18411552346
1148,41383.08411214955
1149,30741.795795795806
1150,43454.212654925
1151,160312.50000000003
1152,41049.85668789808
1153,26268.84132841329
1154,38551.35353535354
1155,43454.212654925
1156,33742.01612903227
1157,38551.35353535354
1158,145946.70588235295
1159,10785.25263157893
1160,12245.679104477633
1161,38551.35353535354
1162,218794.54430379745
1163,41383.08411214955
1164,12245.679104477633
1165,50926.02551020408
1166,55560.59375
1167,26268.84132841329
1168,30741.795795795806
1169,43454.212654925
1170,77415.18411552346
1171,71692.25333333336
1172,12245.679104477633
1173,71692.25333333336
1174,43454.212654925
1175,33742.01612903227
1176,112058.81755593803
1177,41049.85668789808
1178,77415.18411552346
1179,43454.212654925
1180,41049.85668789808
1181,26750.469945355195
1182,171949.68421052635
1183,111979.375
1184,43454.212654925
1185,20382.058823529427
1186,41383.08411214955
1187,41383.08411214955
1188,30741.795795795806
1189,41383.08411214955
1190,43454.212654925
1191,112058.81755593803
1192,43454.212654925
1193,26750.469945355195
1194,32691.734693877544
1195,41049.85668789808
1196,218794.54430379745
1197,43454.212654925
1198,21164.785714285747
1199,43454.212654925
1200,38551.35353535354
1201,30741.795795795806
1202,43454.212654925
1203,33742.01612903227
1204,111979.375
1205,43454.212654925
1206,38551.35353535354
1207,43454.212654925
1208,112058.81755593803
1209,43454.212654925
1210,43454.212654925
1211,43454.212654925
1212,26750.469945355195
1213,21164.785714285747
1214,43454.212654925
1215,63057.33333333336
1216,86166.38461538462
1217,43454.212654925
1218,38551.35353535354
1219,77415.18411552346
1220,63057.33333333336
1221,41383.08411214955
1222,77415.18411552346
1223,21164.785714285747
1224,111979.375
1225,41383.08411214955
1226,43454.212654925
1227,41383.08411214955
1228,112058.81755593803
1229,43454.212654925
1230,28686.555555555584
1231,38551.35353535354
1232,112058.81755593803
1233,41383.08411214955
1234,38551.35353535354
1235,77415.18411552346
1236,26268.84132841329
1237,218794.54430379745
1238,43454.212654925
1239,43454.212654925
1240,86166.38461538462
1241,26268.84132841329
1242,43454.212654925
1243,43454.212654925
1244,41383.08411214955
1245,71692.25333333336
1246,38551.35353535354
1247,30741.795795795806
1248,43454.212654925
1249,112058.81755593803
1250,46689.404580152695
1251,38551.35353535354
1252,43454.212654925
1253,38551.35353535354
1254,77415.18411552346
1255,37544.1772151899
1256,77415.18411552346
1257,50926.02551020408
1258,30741.795795795806
1259,112058.81755593803
1260,24817.636363636404
1261,38551.35353535354
1262,43454.212654925
1263,41049.85668789808
1264,41049.85668789808
1265,42973.53846153847
1266,43454.212654925
1267,43454.212654925
1268,43454.212654925
1269,83491.82926829268
1270,38551.35353535354
1271,111979.375
1272,77415.18411552346
1273,43454.212654925
1274,38551.35353535354
1275,71692.25333333336
1276,12245.679104477633
1277,10785.25263157893
1278,41049.85668789808
1279,43454.212654925
1280,95018.42857142855
1281,77415.18411552346
1282,41383.08411214955
1283,43454.212654925
1284,10785.25263157893
1285,77415.18411552346
1286,41383.08411214955
1287,41383.08411214955
1288,26268.84132841329
1289,38551.35353535354
1290,43454.212654925
1291,105728.51785714286
1292,41383.08411214955
1293,10785.25263157893
1294,43454.212654925
1295,26750.469945355195
1296,111979.375
1297,12245.679104477633
1298,41383.08411214955
1299,26750.469945355195
1300,112058.81755593803
1301,41383.08411214955
1302,12245.679104477633
1303,30741.795795795806
1304,38551.35353535354
1305,77415.18411552346
1306,41049.85668789808
1307,28080.125000000022
1308,43454.212654925
1309,38551.35353535354
1310,112058.81755593803
1311,71692.25333333336
1312,38551.35353535354
1313,43454.212654925
1314,77415.18411552346
1315,221199.0909090909
1316,30741.795795795806
1317,71692.25333333336
1318,112058.81755593803
1319,43454.212654925
1320,30741.795795795806
1321,12245.679104477633
1322,26750.469945355195
1323,41383.08411214955
1324,105728.51785714286
1325,26750.469945355195
1326,112058.81755593803
1327,41049.85668789808
1328,112058.81755593803
1329,71692.25333333336
1330,26750.469945355195
1331,42973.53846153847
1332,38551.35353535354
1333,41383.08411214955
1334,10785.25263157893
1335,43454.212654925
1336,10785.25263157893
1337,105728.51785714286
1338,105728.51785714286
1339,43454.212654925
1340,41049.85668789808
1341,26750.469945355195
1342,77415.18411552346
1343,30741.795795795806
1344,43454.212654925
1345,43454.212654925
1346,112058.81755593803
1347,30741.795795795806
1348,33742.01612903227
1349,43454.212654925
1350,26268.84132841329
1351,41383.08411214955
1352,26750.469945355195
1353,43454.212654925
1354,43454.212654925
1355,43454.212654925
1356,77415.18411552346
1357,193435.63636363638
1358,83491.82926829268
1359,26750.469945355195
1360,43454.212654925
1361,43454.212654925
1362,105728.51785714286
1363,46689.404580152695
1364,38551.35353535354
1365,43454.212654925
1366,77415.18411552346
1367,111979.375
1368,43454.212654925
1369,41049.85668789808
1370,12245.679104477633
1371,38551.35353535354
1372,26268.84132841329
1373,43454.212654925
1374,10785.25263157893
1375,43454.212654925
1376,43454.212654925
1377,71692.25333333336
1378,15815.500000000022
1379,33742.01612903227
1380,43454.212654925
1381,38551.35353535354
1382,112058.81755593803
1383,112058.81755593803
1384,43454.212654925
1385,43454.212654925
1386,105728.51785714286
1387,50926.02551020408
1388,43454.212654925
1389,71692.25333333336
1390,38551.35353535354
1391,43454.212654925
1392,26268.84132841329
1393,26268.84132841329
1394,86166.38461538462
1395,77415.18411552346
1396,86166.38461538462
1397,50926.02551020408
1398,26268.84132841329
1399,10785.25263157893
1400,10785.25263157893
1401,28080.125000000022
1402,43454.212654925
1403,41383.08411214955
1404,37544.1772151899
1405,28686.555555555584
1406,38551.35353535354
1407,26268.84132841329
1408,43454.212654925
1409,43454.212654925
1410,10785.25263157893
1411,32691.734693877544
1412,26268.84132841329
1413,43454.212654925
1414,41383.08411214955
1415,30741.795795795806
1416,105728.51785714286
1417,43454.212654925
1418,26268.84132841329
1419,30741.795795795806
1420,50926.02551020408
1421,71692.25333333336
1422,78847.5909090899
1423,43454.212654925
1424,43454.212654925
1425,77415.18411552346
1426,77415.18411552346
1427,71692.25333333336
1428,26750.469945355195
1429,112058.81755593803
1430,43454.212654925
1431,10785.25263157893
1432,43454.212654925
1433,112058.81755593803
1434,72923.60000000002
1435,105728.51785714286
1436,30741.795795795806
1437,33742.01612903227
1438,26268.84132841329
1439,105728.51785714286
1440,71692.25333333336
1441,50926.02551020408
1442,43454.212654925
1443,41049.85668789808
1444,43454.212654925
1445,2693.4444444444525
1446,26268.84132841329
1447,26268.84132841329
1448,50926.02551020408
1449,26750.469945355195
1450,77415.18411552346
1451,32691.734693877544
1452,41383.08411214955
1453,41383.08411214955
1454,41383.08411214955
1455,77415.18411552346
1456,26268.84132841329
1457,43454.212654925
1458,71692.25333333336
1459,43454.212654925
1460,43454.212654925
1461,38551.35353535354
1462,50926.02551020408
1463,43454.212654925
1464,30741.795795795806
1465,41049.85668789808
1466,38551.35353535354
1467,30741.795795795806
1468,38551.35353535354
1469,112058.81755593803
1470,111979.375
1471,30741.795795795806
1472,41383.08411214955
1473,43454.212654925
1474,41049.85668789808
1475,77415.18411552346
1476,112058.81755593803
1477,46689.404580152695
1478,41383.08411214955
1479,77415.18411552346
1480,41049.85668789808
1481,43454.212654925
1482,43454.212654925
1483,77415.18411552346
1484,41049.85668789808
1485,12245.679104477633
1486,43454.212654925
1487,26268.84132841329
1488,41383.08411214955
1489,41383.08411214955
1490,26268.84132841329
1491,71692.25333333336
1492,26268.84132841329
1493,43454.212654925
1494,63057.33333333336
1495,20382.058823529427
1496,43454.212654925
1497,12245.679104477633
1498,71692.25333333336
1499,43454.212654925
1500,26750.469945355195
1501,112058.81755593803
1502,12245.679104477633
1503,43454.212654925
1504,112058.81755593803
1505,10785.25263157893
1506,71692.25333333336
1507,41383.08411214955
1508,112058.81755593803
1509,26268.84132841329
1510,26750.469945355195
1511,43454.212654925
1512,38551.35353535354
1513,12245.679104477633
1514,26750.469945355195
1515,43454.212654925
1516,30741.795795795806
1517,77415.18411552346
1518,26750.469945355195
1519,38551.35353535354
1520,41049.85668789808
1521,41383.08411214955
1522,77415.18411552346
1523,41383.08411214955
1524,26750.469945355195
1525,30741.795795795806
1526,105728.51785714286
1527,41049.85668789808
1528,21164.785714285747
1529,43454.212654925
1530,43454.212654925
1531,77415.18411552346
1532,112058.81755593803
1533,38551.35353535354
1534,77415.18411552346
1535,12245.679104477633
1536,111979.375
1537,112058.81755593803
1538,112058.81755593803
1539,50926.02551020408
1540,43454.212654925
1541,30741.795795795806
1542,46689.404580152695
1543,43454.212654925
1544,43454.212654925
1545,38551.35353535354
1546,43454.212654925
1547,218794.54430379745
1548,26750.469945355195
1549,38551.35353535354
1550,33742.01612903227
1551,26268.84132841329
1552,112058.81755593803
1553,10785.25263157893
1554,112058.81755593803
1555,112058.81755593803
1556,43454.212654925
1557,41383.08411214955
1558,171949.68421052635
1559,77415.18411552346
1560,41049.85668789808
1561,41049.85668789808
1562,38551.35353535354
1563,43454.212654925
1564,43454.212654925
1565,10785.25263157893
1566,26750.469945355195
1567,10785.25263157893
1568,111979.375
1569,171949.68421052635
1570,26268.84132841329
1571,218794.54430379745
1572,71692.25333333336
1573,10785.25263157893
1574,86166.38461538462
1575,50926.02551020408
1576,26750.469945355195
1577,43454.212654925
1578,30741.795795795806
1579,30741.795795795806
1580,41383.08411214955
1581,43454.212654925
1582,43454.212654925
1583,43454.212654925
1584,30741.795795795806
1585,218794.54430379745
1586,111979.375
1587,43454.212654925
1588,46689.404580152695
1589,171949.68421052635
1590,26268.84132841329
1591,12245.679104477633
1592,43454.212654925
1593,46689.404580152695
1594,10785.25263157893
1595,38551.35353535354
1596,43454.212654925
1597,26750.469945355195
1598,26268.84132841329
1599,77415.18411552346
1600,26268.84132841329
1601,12245.679104477633
1602,33742.01612903227
1603,43454.212654925
1604,111979.375
1605,43454.212654925
1606,43454.212654925
1607,71692.25333333336
1608,43454.212654925
1609,72923.60000000002
1610,10785.25263157893
1611,26750.469945355195
1612,41049.85668789808
1613,12245.679104477633
1614,41383.08411214955
1615,26750.469945355195
1616,26268.84132841329
1617,77415.18411552346
1618,38551.35353535354
1619,37544.1772151899
1620,77415.18411552346
1621,26268.84132841329
1622,112058.81755593803
1623,43454.212654925
1624,43454.212654925
1625,41383.08411214955
1626,86166.38461538462
1627,77415.18411552346
1628,50926.02551020408
1629,86166.38461538462
1630,50926.02551020408
1631,43454.212654925
1632,41049.85668789808
1633,26750.469945355195
1634,105728.51785714286
1635,43454.212654925
1636,12245.679104477633
1637,218794.54430379745
1638,10785.25263157893
1639,43454.212654925
1640,33742.01612903227
1641,26268.84132841329
1642,38551.35353535354
1643,112058.81755593803
1644,77415.18411552346
1645,50926.02551020408
1646,10785.25263157893
1647,71692.25333333336
1648,10785.25263157893
1649,26750.469945355195
1650,41383.08411214955
1651,41383.08411214955
1652,33742.01612903227
1653,43454.212654925
1654,43454.212654925
1655,72923.60000000002
1656,30741.795795795806
1657,83491.82926829268
1658,33742.01612903227
1659,112058.81755593803
1660,105728.51785714286
1661,43454.212654925
1662,12245.679104477633
1663,43454.212654925
1664,71692.25333333336
1665,26750.469945355195
1666,77415.18411552346
1667,41383.08411214955
1668,43454.212654925
1669,41383.08411214955
1670,43454.212654925
1671,71692.25333333336
1672,41383.08411214955
1673,33742.01612903227
1674,43454.212654925
1675,26268.84132841329
1676,77415.18411552346
1677,42973.53846153847
1678,30741.795795795806
1679,105728.51785714286
1680,171949.68421052635
1681,26750.469945355195
1682,38551.35353535354
1683,38551.35353535354
1684,43454.212654925
1685,78847.5909090899
1686,71692.25333333336
1687,71692.25333333336
1688,26268.84132841329
1689,26750.469945355195
1690,77415.18411552346
1691,43454.212654925
1692,26750.469945355195
1693,20382.058823529427
1694,26268.84132841329
1695,26750.469945355195
1696,112058.81755593803
1697,37544.1772151899
1698,26268.84132841329
1699,112058.81755593803
1700,41049.85668789808
1701,46689.404580152695
1702,38551.35353535354
1703,10785.25263157893
1704,71692.25333333336
1705,26750.469945355195
1706,50926.02551020408
1707,10785.25263157893
1708,37544.1772151899
1709,41049.85668789808
1710,41383.08411214955
1711,71692.25333333336
1712,30741.795795795806
1713,12245.679104477633
1714,26750.469945355195
1715,77415.18411552346
1716,41049.85668789808
1717,32691.734693877544
1718,41383.08411214955
1719,26750.469945355195
1720,41049.85668789808
1721,33742.01612903227
1722,46689.404580152695
1723,43454.212654925
1724,10785.25263157893
1725,86166.38461538462
1726,41049.85668789808
1727,41383.08411214955
1728,218794.54430379745
1729,43454.212654925
1730,26750.469945355195
1731,43454.212654925
1732,26750.469945355195
1733,71692.25333333336
1734,38551.35353535354
1735,77415.18411552346
1736,43454.212654925
1737,26750.469945355195
1738,43454.212654925
1739,41049.85668789808
1740,105728.51785714286
1741,112058.81755593803
1742,32691.734693877544
1743,12245.679104477633
1744,12245.679104477633
1745,21164.785714285747
1746,43454.212654925
1747,111979.375
1748,218794.54430379745
1749,41049.85668789808
1750,71692.25333333336
1751,43454.212654925
1752,28686.555555555584
1753,12245.679104477633
1754,77415.18411552346
1755,77415.18411552346
1756,50926.02551020408
1757,10785.25263157893
1758,118238.78333333334
1759,10785.25263157893
1760,71692.25333333336
1761,77415.18411552346
1762,41049.85668789808
1763,10785.25263157893
1764,30741.795795795806
1765,77415.18411552346
1766,41049.85668789808
1767,41049.85668789808
1768,41383.08411214955
1769,112058.81755593803
1770,163079.11111111112
1771,43454.212654925
1772,41383.08411214955
1773,112058.81755593803
1774,112058.81755593803
1775,41383.08411214955
1776,38551.35353535354
1777,10785.25263157893
1778,163079.11111111112
1779,28686.555555555584
1780,26268.84132841329
1781,41383.08411214955
1782,41383.08411214955
1783,10785.25263157893
1784,26268.84132841329
1785,105728.51785714286
1786,43454.212654925
1787,112058.81755593803
1788,43454.212654925
1789,43454.212654925
1790,193435.63636363638
1791,105728.51785714286
1792,12245.679104477633
1793,38551.35353535354
1794,41049.85668789808
1795,32691.734693877544
1796,41383.08411214955
1797,41383.08411214955
1798,41049.85668789808
1799,42973.53846153847
1800,41049.85668789808
1801,77415.18411552346
1802,12245.679104477633
1803,43454.212654925
1804,43454.212654925
1805,112058.81755593803
1806,38551.35353535354
1807,38551.35353535354
1808,43454.212654925
1809,218794.54430379745
1810,10785.25263157893
1811,30741.795795795806
1812,10785.25263157893
1813,72923.60000000002
1814,50926.02551020408
1815,38551.35353535354
1816,43454.212654925
1817,42973.53846153847
1818,43454.212654925
1819,43454.212654925
1820,41383.08411214955
1821,12245.679104477633
1822,43454.212654925
1823,26750.469945355195
1824,10785.25263157893
1825,71692.25333333336
1826,71692.25333333336
1827,77415.18411552346
1828,50926.02551020408
1829,43454.212654925
1830,26750.469945355195
1831,95018.42857142855
1832,43454.212654925
1833,41049.85668789808
1834,43454.212654925
1835,50926.02551020408
1836,41049.85668789808
1837,41383.08411214955
1838,30741.795795795806
1839,43454.212654925
1840,10785.25263157893
1841,10785.25263157893
1842,86166.38461538462
1843,50926.02551020408
1844,38551.35353535354
1845,21164.785714285747
1846,43454.212654925
1847,43454.212654925
1848,43454.212654925
1849,41383.08411214955
1850,43454.212654925
1851,71692.25333333336
1852,55560.59375
1853,12245.679104477633
1854,26750.469945355195
1855,43454.212654925
1856,55560.59375
1857,26268.84132841329
1858,219232.11764705885
1859,26750.469945355195
1860,41383.08411214955
1861,38551.35353535354
1862,118238.78333333334
1863,71692.25333333336
1864,50926.02551020408
1865,112058.81755593803
1866,77415.18411552346
1867,41383.08411214955
1868,30741.795795795806
1869,10785.25263157893
1870,43454.212654925
1871,43454.212654925
1872,43454.212654925
1873,15815.500000000022
1874,26268.84132841329
1875,71692.25333333336
1876,71692.25333333336
1877,30741.795795795806
1878,43454.212654925
1879,41049.85668789808
1880,26268.84132841329
1881,77415.18411552346
1882,43454.212654925
1883,41383.08411214955
1884,71692.25333333336
1885,450000.0000000001
1886,33742.01612903227
1887,77415.18411552346
1888,12245.679104477633
1889,218794.54430379745
1890,10785.25263157893
1891,10785.25263157893
1892,43454.212654925
1893,43454.212654925
1894,71692.25333333336
1895,747735.9999999998
1896,71692.25333333336
1897,15815.500000000022
1898,42973.53846153847
1899,43454.212654925
1900,41383.08411214955
1901,219232.11764705885
1902,41049.85668789808
1903,77415.18411552346
1904,43454.212654925
1905,77415.18411552346
1906,38551.35353535354
1907,77415.18411552346
1908,26750.469945355195
1909,43454.212654925
1910,33742.01612903227
1911,46689.404580152695
1912,43454.212654925
1913,38551.35353535354
1914,112058.81755593803
1915,32691.734693877544
1916,33742.01612903227
1917,43454.212654925
1918,112058.81755593803
1919,43454.212654925
1920,37544.1772151899
1921,77415.18411552346
1922,111979.375
1923,41383.08411214955
1924,43454.212654925
1925,10785.25263157893
1926,41049.85668789808
1927,112058.81755593803
1928,43454.212654925
1929,30741.795795795806
1930,43454.212654925
1931,26750.469945355195
1932,26268.84132841329
1933,43454.212654925
1934,77415.18411552346
1935,38551.35353535354
1936,71692.25333333336
1937,41383.08411214955
1938,71692.25333333336
1939,71692.25333333336
1940,33742.01612903227
1941,43454.212654925
1942,41383.08411214955
1943,41383.08411214955
1944,43454.212654925
1945,41383.08411214955
1946,43454.212654925
1947,26750.469945355195
1948,43454.212654925
1949,33742.01612903227
1950,41383.08411214955
1951,38551.35353535354
1952,71692.25333333336
1953,33742.01612903227
1954,37544.1772151899
1955,37544.1772151899
1956,75991.61111111114
1957,12245.679104477633
1958,10785.25263157893
1959,112058.81755593803
1960,112058.81755593803
1961,112058.81755593803
1962,111979.375
1963,38551.35353535354
1964,77415.18411552346
1965,26750.469945355195
1966,46689.404580152695
1967,43454.212654925
1968,112058.81755593803
1969,20382.058823529427
1970,77415.18411552346
1971,105728.51785714286
1972,112058.81755593803
1973,26268.84132841329
1974,77415.18411552346
1975,43454.212654925
1976,26268.84132841329
1977,86166.38461538462
1978,30741.795795795806
1979,37544.1772151899
1980,43454.212654925
1981,43454.212654925
1982,43454.212654925
1983,43454.212654925
1984,41383.08411214955
1985,12245.679104477633
1986,41383.08411214955
1987,43454.212654925
1988,38551.35353535354
1989,33742.01612903227
1990,38551.35353535354
1991,43454.212654925
1992,43454.212654925
1993,26268.84132841329
1994,41049.85668789808
1995,41383.08411214955
1996,77415.18411552346
1997,43454.212654925
1998,26750.469945355195
1999,77415.18411552346
2000,30741.795795795806
2001,42973.53846153847
2002,41383.08411214955
2003,26268.84132841329
2004,43454.212654925
2005,26268.84132841329
2006,112058.81755593803
2007,111979.375
2008,28686.555555555584
2009,26750.469945355195
2010,71692.25333333336
2011,112058.81755593803
2012,43454.212654925
2013,10785.25263157893
2014,105728.51785714286
2015,77415.18411552346
2016,111979.375
2017,77415.18411552346
2018,43454.212654925
2019,12245.679104477633
2020,26268.84132841329
2021,77415.18411552346
2022,26268.84132841329
2023,71692.25333333336
2024,112058.81755593803
2025,41383.08411214955
2026,78847.5909090899
2027,77415.18411552346
2028,26268.84132841329
2029,112058.81755593803
2030,43454.212654925
2031,43454.212654925
2032,2693.4444444444525
2033,50926.02551020408
2034,10785.25263157893
2035,77415.18411552346
2036,38551.35353535354
2037,12245.679104477633
2038,218794.54430379745
2039,26268.84132841329
2040,33742.01612903227
2041,21164.785714285747
2042,46689.404580152695
2043,32691.734693877544
2044,105728.51785714286
2045,86166.38461538462
2046,43454.212654925
2047,71692.25333333336
2048,33742.01612903227
2049,33742.01612903227
2050,41383.08411214955
2051,38551.35353535354
2052,38551.35353535354
2053,41049.85668789808
2054,43454.212654925
2055,219232.11764705885
2056,77415.18411552346
2057,38551.35353535354
2058,26750.469945355195
2059,10785.25263157893
2060,41383.08411214955
2061,72923.60000000002
2062,43454.212654925
2063,77415.18411552346
2064,71692.25333333336
2065,95018.42857142855
2066,43454.212654925
2067,71692.25333333336
2068,111979.375
2069,71692.25333333336
2070,41383.08411214955
2071,50926.02551020408
2072,10785.25263157893
2073,43454.212654925
2074,38551.35353535354
2075,43454.212654925
2076,43454.212654925
2077,43454.212654925
2078,38551.35353535354
2079,41383.08411214955
2080,77415.18411552346
2081,77415.18411552346
2082,43454.212654925
2083,26268.84132841329
2084,50926.02551020408
2085,105728.51785714286
2086,12245.679104477633
2087,30741.795795795806
2088,43454.212654925
2089,10785.25263157893
2090,43454.212654925
2091,43454.212654925
2092,43454.212654925
2093,41383.08411214955
2094,26750.469945355195
2095,43454.212654925
2096,41383.08411214955
2097,38551.35353535354
2098,77415.18411552346
2099,26750.469945355195
2100,12245.679104477633
2101,43454.212654925
2102,10785.25263157893
2103,43454.212654925
2104,38551.35353535354
2105,43454.212654925
2106,41383.08411214955
2107,71692.25333333336
2108,38551.35353535354
2109,41383.08411214955
2110,10785.25263157893
2111,12245.679104477633
2112,38551.35353535354
2113,26750.469945355195
2114,41049.85668789808
2115,26750.469945355195
2116,43454.212654925
2117,50926.02551020408
2118,43454.212654925
2119,38551.35353535354
2120,41383.08411214955
2121,38551.35353535354
2122,26268.84132841329
2123,72923.60000000002
2124,37544.1772151899
2125,112058.81755593803
2126,41383.08411214955
2127,33742.01612903227
2128,50926.02551020408
2129,26750.469945355195
2130,43454.212654925
2131,26268.84132841329
2132,43454.212654925
2133,71692.25333333336
2134,10785.25263157893
2135,41049.85668789808
2136,38551.35353535354
2137,111979.375
2138,26268.84132841329
2139,43454.212654925
2140,12245.679104477633
2141,43454.212654925
2142,41049.85668789808
2143,21164.785714285747
2144,26750.469945355195
2145,30741.795795795806
2146,171949.68421052635
2147,118238.78333333334
2148,86166.38461538462
2149,38551.35353535354
2150,30741.795795795806
2151,112058.81755593803
2152,111979.375
2153,105728.51785714286
2154,77415.18411552346
2155,43454.212654925
2156,26268.84132841329
2157,41049.85668789808
2158,105728.51785714286
2159,50926.02551020408
2160,111979.375
2161,30741.795795795806
2162,43454.212654925
2163,41383.08411214955
2164,77415.18411552346
2165,43454.212654925
2166,43454.212654925
2167,43454.212654925
2168,20382.058823529427
2169,26750.469945355195
2170,33742.01612903227
2171,112058.81755593803
2172,12245.679104477633
2173,38551.35353535354
2174,111979.375
2175,43454.212654925
2176,28080.125000000022
2177,26268.84132841329
2178,41049.85668789808
2179,12245.679104477633
2180,41049.85668789808
2181,71692.25333333336
2182,71692.25333333336
2183,41383.08411214955
2184,30741.795795795806
2185,112058.81755593803
2186,112058.81755593803
2187,221199.0909090909
2188,26268.84132841329
2189,43454.212654925
2190,17133.333333333358
2191,41049.85668789808
2192,43454.212654925
2193,43454.212654925
2194,26750.469945355195
2195,41049.85668789808
2196,10785.25263157893
2197,95018.42857142855
2198,12245.679104477633
2199,105728.51785714286
2200,41383.08411214955
2201,38551.35353535354
2202,38551.35353535354
2203,77415.18411552346
2204,10785.25263157893
2205,41049.85668789808
2206,71692.25333333336
2207,43454.212654925
2208,26750.469945355195
2209,37544.1772151899
2210,10785.25263157893
2211,105728.51785714286
2212,41383.08411214955
2213,26750.469945355195
2214,41383.08411214955
2215,77415.18411552346
2216,112058.81755593803
2217,12245.679104477633
2218,105728.51785714286
2219,12245.679104477633
2220,43454.212654925
2221,41383.08411214955
2222,26268.84132841329
2223,77415.18411552346
2224,26268.84132841329
2225,30741.795795795806
2226,219232.11764705885
2227,218794.54430379745
2228,10785.25263157893
2229,10785.25263157893
2230,38551.35353535354
2231,71692.25333333336
2232,219232.11764705885
2233,46689.404580152695
2234,77415.18411552346
2235,105728.51785714286
2236,43454.212654925
2237,43454.212654925
2238,26750.469945355195
2239,38551.35353535354
2240,38551.35353535354
2241,43454.212654925
2242,12245.679104477633
2243,28686.555555555584
2244,43454.212654925
2245,21164.785714285747
2246,71692.25333333336
2247,86166.38461538462
2248,26750.469945355195
2249,26750.469945355195
2250,43454.212654925
2251,46689.404580152695
2252,26750.469945355195
2253,219232.11764705885
2254,21164.785714285747
2255,10785.25263157893
2256,41049.85668789808
2257,41049.85668789808
2258,43454.212654925
2259,112058.81755593803
2260,43454.212654925
2261,112058.81755593803
2262,43454.212654925
2263,43454.212654925
2264,41049.85668789808
2265,10785.25263157893
2266,112058.81755593803
2267,43454.212654925
2268,77415.18411552346
2269,43454.212654925
2270,77415.18411552346
2271,12245.679104477633
2272,41049.85668789808
2273,112058.81755593803
2274,43454.212654925
2275,50926.02551020408
2276,10785.25263157893
2277,163079.11111111112
2278,41049.85668789808
2279,112058.81755593803
2280,41049.85668789808
2281,38551.35353535354
2282,112058.81755593803
2283,12245.679104477633
2284,41383.08411214955
2285,46689.404580152695
2286,43454.212654925
2287,105728.51785714286
2288,42973.53846153847
2289,112058.81755593803
2290,43454.212654925
2291,12245.679104477633
2292,10785.25263157893
2293,86166.38461538462
2294,43454.212654925
2295,41049.85668789808
2296,43454.212654925
2297,26268.84132841329
2298,38551.35353535354
2299,26268.84132841329
2300,43454.212654925
2301,38551.35353535354
2302,41383.08411214955
2303,38551.35353535354
2304,38551.35353535354
2305,111979.375
2306,41383.08411214955
2307,15815.500000000022
2308,43454.212654925
2309,111979.375
2310,30741.795795795806
2311,37544.1772151899
2312,33742.01612903227
2313,77415.18411552346
2314,43454.212654925
2315,43454.212654925
2316,10785.25263157893
2317,86166.38461538462
2318,38551.35353535354
2319,43454.212654925
2320,38551.35353535354
2321,12245.679104477633
2322,26750.469945355195
2323,171949.68421052635
2324,71692.25333333336
2325,12245.679104477633
2326,10785.25263157893
2327,112058.81755593803
2328,12245.679104477633
2329,41049.85668789808
2330,38551.35353535354
2331,43454.212654925
2332,30741.795795795806
2333,71692.25333333336
2334,28686.555555555584
2335,12245.679104477633
2336,10785.25263157893
2337,43454.212654925
2338,43454.212654925
2339,41049.85668789808
2340,33742.01612903227
2341,42973.53846153847
2342,43454.212654925
2343,105728.51785714286
2344,26750.469945355195
2345,71692.25333333336
2346,41383.08411214955
2347,86166.38461538462
2348,55560.59375
2349,43454.212654925
2350,41383.08411214955
2351,43454.212654925
2352,38551.35353535354
2353,24817.636363636404
2354,50926.02551020408
2355,111979.375
2356,43454.212654925
2357,41383.08411214955
2358,77415.18411552346
2359,63057.33333333336
2360,26750.469945355195
2361,41383.08411214955
2362,12245.679104477633
2363,112058.81755593803
2364,43454.212654925
2365,77415.18411552346
2366,42973.53846153847
2367,112058.81755593803
2368,50926.02551020408
2369,77415.18411552346
2370,105728.51785714286
2371,15815.500000000022
2372,43454.212654925
2373,12245.679104477633
2374,41049.85668789808
2375,26750.469945355195
2376,26750.469945355195
2377,26268.84132841329
2378,12245.679104477633
2379,71692.25333333336
2380,33742.01612903227
2381,105728.51785714286
2382,42973.53846153847
2383,46689.404580152695
2384,38551.35353535354
2385,43454.212654925
2386,26750.469945355195
2387,12245.679104477633
2388,26750.469945355195
2389,30741.795795795806
2390,43454.212654925
2391,26750.469945355195
2392,26268.84132841329
2393,77415.18411552346
2394,43454.212654925
2395,38551.35353535354
2396,43454.212654925
2397,41383.08411214955
2398,26750.469945355195
2399,30741.795795795806
2400,71692.25333333336
2401,112058.81755593803
2402,43454.212654925
2403,37544.1772151899
2404,77415.18411552346
2405,77415.18411552346
2406,218794.54430379745
2407,112058.81755593803
2408,26268.84132841329
2409,38551.35353535354
2410,43454.212654925
2411,112058.81755593803
2412,28080.125000000022
2413,105728.51785714286
2414,43454.212654925
2415,171949.68421052635
2416,43454.212654925
2417,118238.78333333334
2418,71692.25333333336
2419,41383.08411214955
2420,26268.84132841329
2421,38551.35353535354
2422,112058.81755593803
2423,10785.25263157893
2424,32691.734693877544
2425,26268.84132841329
2426,30741.795795795806
2427,43454.212654925
2428,43454.212654925
2429,105728.51785714286
2430,30741.795795795806
2431,26268.84132841329
2432,30741.795795795806
2433,77415.18411552346
2434,43454.212654925
2435,43454.212654925
2436,105728.51785714286
2437,41049.85668789808
2438,50926.02551020408
2439,43454.212654925
2440,43454.212654925
2441,12245.679104477633
2442,77415.18411552346
2443,43454.212654925
2444,43454.212654925
2445,38551.35353535354
2446,71692.25333333336
2447,145946.70588235295
2448,33742.01612903227
2449,41383.08411214955
2450,38551.35353535354
2451,26268.84132841329
2452,43454.212654925
2453,43454.212654925
2454,83491.82926829268
2455,30741.795795795806
2456,43454.212654925
2457,86166.38461538462
2458,37544.1772151899
2459,145946.70588235295
2460,86166.38461538462
2461,41049.85668789808
2462,12245.679104477633
2463,26268.84132841329
2464,77415.18411552346
2465,41383.08411214955
2466,41383.08411214955
2467,40733.333333333365
2468,112058.81755593803
2469,105728.51785714286
2470,38551.35353535354
2471,30741.795795795806
2472,2693.4444444444525
2473,43454.212654925
2474,26268.84132841329
2475,30741.795795795806
2476,218794.54430379745
2477,43454.212654925
2478,43454.212654925
2479,17133.333333333358
2480,30741.795795795806
2481,43454.212654925
2482,26268.84132841329
2483,71692.25333333336
2484,43454.212654925
2485,112058.81755593803
2486,111979.375
2487,160312.50000000003
2488,26750.469945355195
2489,38551.35353535354
2490,43454.212654925
2491,43454.212654925
2492,30741.795795795806
2493,12245.679104477633
2494,33742.01612903227
2495,71692.25333333336
2496,12245.679104477633
2497,43454.212654925
2498,43454.212654925
2499,71692.25333333336
2500,43454.212654925
2501,112058.81755593803
2502,71692.25333333336
2503,77415.18411552346
2504,12245.679104477633
2505,43454.212654925
2506,26268.84132841329
2507,111979.375
2508,43454.212654925
2509,26268.84132841329
2510,43454.212654925
2511,26750.469945355195
2512,50926.02551020408
2513,41383.08411214955
2514,111979.375
2515,41383.08411214955
2516,86166.38461538462
2517,33742.01612903227
2518,10785.25263157893
2519,63057.33333333336
2520,86166.38461538462
2521,50926.02551020408
2522,26750.469945355195
2523,43454.212654925
2524,38551.35353535354
2525,43454.212654925
2526,30741.795795795806
2527,43454.212654925
2528,37544.1772151899
2529,12245.679104477633
2530,46689.404580152695
2531,118238.78333333334
2532,43454.212654925
2533,12245.679104477633
2534,86166.38461538462
2535,12245.679104477633
2536,55826.79999999999
2537,33742.01612903227
2538,112058.81755593803
2539,26750.469945355195
2540,10785.25263157893
2541,43454.212654925
2542,26268.84132841329
2543,30741.795795795806
2544,43454.212654925
2545,41383.08411214955
2546,43454.212654925
2547,26750.469945355195
2548,43454.212654925
2549,12245.679104477633
2550,26268.84132841329
2551,112058.81755593803
2552,43454.212654925
2553,43454.212654925
2554,43454.212654925
2555,77415.18411552346
2556,12245.679104477633
2557,46689.404580152695
2558,38551.35353535354
2559,33742.01612903227
2560,112058.81755593803
2561,41383.08411214955
2562,86166.38461538462
2563,41049.85668789808
2564,46689.404580152695
2565,86166.38461538462
2566,41383.08411214955
2567,37544.1772151899
2568,71692.25333333336
2569,43454.212654925
2570,83491.82926829268
2571,43454.212654925
2572,21164.785714285747
2573,43454.212654925
2574,12245.679104477633
2575,43454.212654925
2576,38551.35353535354
2577,112058.81755593803
2578,26268.84132841329
2579,43454.212654925
2580,10785.25263157893
2581,12245.679104477633
2582,111979.375
2583,38551.35353535354
2584,77415.18411552346
2585,171949.68421052635
2586,112058.81755593803
2587,41049.85668789808
2588,43454.212654925
2589,112058.81755593803
2590,43454.212654925
2591,26750.469945355195
2592,41383.08411214955
2593,26268.84132841329
2594,77415.18411552346
2595,46689.404580152695
2596,30741.795795795806
2597,41383.08411214955
2598,112058.81755593803
2599,33742.01612903227
2600,26750.469945355195
2601,43454.212654925
2602,30741.795795795806
2603,41383.08411214955
2604,38551.35353535354
2605,12245.679104477633
2606,26268.84132841329
2607,30741.795795795806
2608,112058.81755593803
2609,86166.38461538462
2610,43454.212654925
2611,50926.02551020408
2612,112058.81755593803
2613,162466.6666666667
2614,38551.35353535354
2615,33742.01612903227
2616,12245.679104477633
2617,43454.212654925
2618,43454.212654925
2619,160312.50000000003
2620,77415.18411552346
2621,43454.212654925
2622,105728.51785714286
2623,10785.25263157893
2624,112058.81755593803
2625,26750.469945355195
2626,105728.51785714286
2627,41049.85668789808
2628,41383.08411214955
2629,12245.679104477633
2630,118238.78333333334
2631,26268.84132841329
2632,41383.08411214955
2633,26750.469945355195
2634,41049.85668789808
2635,26268.84132841329
2636,41049.85668789808
2637,26750.469945355195
2638,38551.35353535354
2639,38551.35353535354
2640,38551.35353535354
2641,43454.212654925
2642,43454.212654925
2643,41049.85668789808
2644,10785.25263157893
2645,43454.212654925
2646,41049.85668789808
2647,43454.212654925
2648,38551.35353535354
2649,41383.08411214955
2650,112058.81755593803
2651,26268.84132841329
2652,43454.212654925
2653,41049.85668789808
2654,77415.18411552346
2655,26750.469945355195
2656,43454.212654925
2657,218794.54430379745
2658,37544.1772151899
2659,43454.212654925
2660,30741.795795795806
2661,33742.01612903227
2662,43454.212654925
2663,33742.01612903227
2664,43454.212654925
2665,112058.81755593803
2666,83491.82926829268
2667,112058.81755593803
2668,105728.51785714286
2669,38551.35353535354
2670,41383.08411214955
2671,50926.02551020408
2672,37544.1772151899
2673,219232.11764705885
2674,41383.08411214955
2675,12245.679104477633
2676,43454.212654925
2677,112058.81755593803
2678,112058.81755593803
2679,41049.85668789808
2680,38551.35353535354
2681,63057.33333333336
2682,43454.212654925
2683,41049.85668789808
2684,77415.18411552346
2685,30741.795795795806
2686,12245.679104477633
2687,218794.54430379745
2688,43454.212654925
2689,26268.84132841329
2690,12245.679104477633
2691,43454.212654925
2692,895.0000000000146
2693,41049.85668789808
2694,12245.679104477633
2695,77415.18411552346
2696,32691.734693877544
2697,43454.212654925
2698,33742.01612903227
2699,38551.35353535354
2700,145946.70588235295
2701,12245.679104477633
2702,171949.68421052635
2703,10785.25263157893
2704,71692.25333333336
2705,43454.212654925
2706,26268.84132841329
2707,112058.81755593803
2708,111979.375
2709,10785.25263157893
2710,41383.08411214955
2711,43454.212654925
2712,42973.53846153847
2713,26268.84132841329
2714,43454.212654925
2715,41049.85668789808
2716,50926.02551020408
2717,50926.02551020408
2718,43454.212654925
2719,37544.1772151899
2720,112058.81755593803
2721,41383.08411214955
2722,43454.212654925
2723,77415.18411552346
2724,86166.38461538462
2725,77415.18411552346
2726,12245.679104477633
2727,43454.212654925
2728,8337.600000000006
2729,43454.212654925
2730,43454.212654925
2731,38551.35353535354
2732,41049.85668789808
2733,41049.85668789808
2734,43454.212654925
2735,41383.08411214955
2736,112058.81755593803
2737,10785.25263157893
2738,77415.18411552346
2739,71692.25333333336
2740,10785.25263157893
2741,112058.81755593803
2742,43454.212654925
2743,43454.212654925
2744,71692.25333333336
2745,72923.60000000002
2746,118238.78333333334
2747,12245.679104477633
2748,10785.25263157893
2749,43454.212654925
2750,30741.795795795806
2751,11797.50000000003
2752,41383.08411214955
2753,43454.212654925
2754,112058.81755593803
2755,171949.68421052635
2756,46689.404580152695
2757,38551.35353535354
2758,43454.212654925
2759,46689.404580152695
2760,43454.212654925
2761,26268.84132841329
2762,112058.81755593803
2763,32691.734693877544
2764,112058.81755593803
2765,41383.08411214955
2766,32691.734693877544
2767,21164.785714285747
2768,30741.795795795806
2769,43454.212654925
2770,43454.212654925
2771,43454.212654925
2772,12245.679104477633
2773,41049.85668789808
2774,112058.81755593803
2775,32691.734693877544
2776,41383.08411214955
2777,112058.81755593803
2778,43454.212654925
2779,26268.84132841329
2780,41383.08411214955
2781,46689.404580152695
2782,43454.212654925
2783,12245.679104477633
2784,41383.08411214955
2785,86166.38461538462
2786,12245.679104477633
2787,218794.54430379745
2788,77415.18411552346
2789,30741.795795795806
2790,26268.84132841329
2791,38551.35353535354
2792,43454.212654925
2793,112058.81755593803
2794,21164.785714285747
2795,21164.785714285747
2796,112058.81755593803
2797,26750.469945355195
2798,77415.18411552346
2799,77415.18411552346
2800,86166.38461538462
2801,26750.469945355195
2802,38551.35353535354
2803,43454.212654925
2804,43454.212654925
2805,30741.795795795806
2806,43454.212654925
2807,33742.01612903227
2808,43454.212654925
2809,12245.679104477633
2810,12245.679104477633
2811,112058.81755593803
2812,50926.02551020408
2813,72923.60000000002
2814,26750.469945355195
2815,43454.212654925
2816,63057.33333333336
2817,43454.212654925
2818,26268.84132841329
2819,26750.469945355195
2820,26750.469945355195
2821,43454.212654925
2822,26268.84132841329
2823,43454.212654925
2824,160312.50000000003
2825,43454.212654925
2826,77415.18411552346
2827,77415.18411552346
2828,43454.212654925
2829,160312.50000000003
2830,26750.469945355195
2831,43454.212654925
2832,77415.18411552346
2833,77415.18411552346
2834,112058.81755593803
2835,71692.25333333336
2836,10785.25263157893
2837,43454.212654925
2838,43454.212654925
2839,43454.212654925
2840,218794.54430379745
2841,43454.212654925
2842,77415.18411552346
2843,43454.212654925
2844,218794.54430379745
2845,38551.35353535354
2846,219232.11764705885
2847,43454.212654925
2848,86166.38461538462
2849,41383.08411214955
2850,41383.08411214955
2851,26750.469945355195
2852,171949.68421052635
2853,43454.212654925
2854,43454.212654925
2855,77415.18411552346
2856,71692.25333333336
2857,37544.1772151899
2858,43454.212654925
2859,71692.25333333336
2860,71692.25333333336
2861,33742.01612903227
2862,71692.25333333336
2863,77415.18411552346
2864,43454.212654925
2865,26750.469945355195
2866,43454.212654925
2867,26268.84132841329
2868,41049.85668789808
2869,43454.212654925
2870,10785.25263157893
2871,163079.11111111112
2872,112058.81755593803
2873,218794.54430379745
2874,30741.795795795806
2875,42973.53846153847
2876,43454.212654925
2877,43454.212654925
2878,77415.18411552346
2879,218794.54430379745
2880,77415.18411552346
2881,43454.212654925
2882,77415.18411552346
2883,71692.25333333336
2884,33742.01612903227
2885,50926.02551020408
2886,77415.18411552346
2887,42973.53846153847
2888,26750.469945355195
2889,71692.25333333336
2890,43454.212654925
2891,38551.35353535354
2892,43454.212654925
2893,10785.25263157893
2894,43454.212654925
2895,41383.08411214955
2896,10785.25263157893
2897,38551.35353535354
2898,112058.81755593803
2899,41383.08411214955
2900,112058.81755593803
2901,12245.679104477633
2902,112058.81755593803
2903,41049.85668789808
2904,43454.212654925
2905,43454.212654925
2906,12245.679104477633
2907,43454.212654925
2908,26750.469945355195
2909,10785.25263157893
2910,12245.679104477633
2911,43454.212654925
2912,43454.212654925
2913,43454.212654925
2914,561012.0000000002
2915,43454.212654925
2916,12245.679104477633
2917,21164.785714285747
2918,43454.212654925
2919,43454.212654925
2920,41383.08411214955
2921,43454.212654925
2922,10785.25263157893
2923,10785.25263157893
2924,43454.212654925
2925,38551.35353535354
2926,118238.78333333334
2927,12245.679104477633
2928,43454.212654925
2929,41049.85668789808
2930,12245.679104477633
2931,26268.84132841329
2932,112058.81755593803
2933,46689.404580152695
2934,26750.469945355195
2935,78847.5909090899
2936,26268.84132841329
2937,43454.212654925
2938,26750.469945355195
2939,43454.212654925
2940,43454.212654925
2941,26750.469945355195
2942,32691.734693877544
2943,43454.212654925
2944,43454.212654925
2945,26268.84132841329
2946,43454.212654925
2947,37544.1772151899
2948,26268.84132841329
2949,43454.212654925
2950,20382.058823529427
2951,105728.51785714286
2952,41383.08411214955
2953,12245.679104477633
2954,26268.84132841329
2955,41383.08411214955
2956,26268.84132841329
2957,43454.212654925
2958,30741.795795795806
2959,41383.08411214955
2960,43454.212654925
2961,38551.35353535354
2962,43454.212654925
2963,112058.81755593803
2964,112058.81755593803
2965,111979.375
2966,77415.18411552346
2967,77415.18411552346
2968,26268.84132841329
2969,41383.08411214955
2970,112058.81755593803
2971,112058.81755593803
2972,43454.212654925
2973,43454.212654925
2974,112058.81755593803
2975,112058.81755593803
2976,63057.33333333336
2977,30741.795795795806
2978,42973.53846153847
2979,12245.679104477633
2980,38551.35353535354
2981,26268.84132841329
2982,41049.85668789808
2983,77415.18411552346
2984,38551.35353535354
2985,77415.18411552346
2986,218794.54430379745
2987,221199.0909090909
2988,26750.469945355195
2989,12245.679104477633
2990,112058.81755593803
2991,10785.25263157893
2992,105728.51785714286
2993,112058.81755593803
2994,12245.679104477633
2995,46689.404580152695
2996,26268.84132841329
2997,43454.212654925
2998,43454.212654925
2999,43454.212654925
3000,43454.212654925
